Date,Acitivity,Latitude,Longitude,RoadName,RdNumber,Town,Zone
11/02/2017 0:00,Collect Litter - Remove Dead Animal from Road Reserve,-34.9252717,150.7619096,PRINCE EDWARD AVE,,Culburra Beach,Southern Area
9/06/2017 0:00,Collect Litter - Remove Dead Animal from Road Reserve,,,EVELYN RD,,Tomerong,Basin Area
10/09/2017 0:00,Collect Litter - Remove Dead Animal from Road Reserve,-34.947083,150.60924,FOREST RD,,Wollumboola,Central Area
17/10/2017 0:00,Collect Litter - Remove Dead Animal from Road Reserve,-35.0300615,150.6635572,WOOLLAMIA RD,,Falls Creek,Basin Area
18/10/2017 0:00,Collect Litter - Remove Dead Animal from Road Reserve,-34.8796507,150.6086882,PLUNKETT ST,,Nowra,Central Area
8/11/2017 0:00,Collect Litter - Remove Dead Animal from Road Reserve,-34.8451132,150.6138271,VICTA WAY,,Bomaderry,Northern Area
20/11/2017 0:00,Collect Litter - Remove Dead Animal from Road Reserve,-34.8450648,150.6131618,GESHAM WAY,,Bomaderry,Northern Area
29/11/2017 0:00,Collect Litter - Remove Dead Animal from Road Reserve,-35.0370954,150.492229,TURPENTINE RD,,Tomerong,Basin Area
21/12/2017 0:00,Collect Litter - Remove Dead Animal from Road Reserve,-35.3622933,150.4651936,DEERING ST,,Ulladulla,Southern Area
7/02/2018 0:00,Collect Litter - Remove Dead Animal from Road Reserve,-34.8760296,150.6002084,BERRY ST (NOWRA),,Nowra,Central Area
21/03/2018 0:00,Collect Litter - Remove Dead Animal from Road Reserve,-34.7326562,150.8269571,THE MARINA ACCESS ROAD,,Culburra Beach,Central Area
21/03/2018 0:00,Collect Litter - Remove Dead Animal from Road Reserve,-34.7326562,150.8269571,THE MARINA ACCESS ROAD,,Culburra Beach,Central Area
21/03/2018 0:01,Collect Litter - Remove Dead Animal from Road Reserve,-34.7326562,150.8269571,THE MARINA ACCESS ROAD,,Culburra Beach,Central Area
21/03/2018 0:01,Collect Litter - Remove Dead Animal from Road Reserve,-34.7326562,150.8269571,THE MARINA ACCESS ROAD,,Culburra Beach,Central Area
7/04/2018 0:00,Collect Litter - Remove Dead Animal from Road Reserve,-35.0846295,150.4966685,BOLLERANG RD,,Wandandian,Basin Area
7/05/2018 0:00,Collect Litter - Remove Dead Animal from Road Reserve,-35.1080347,150.623688,MACLEANS POINT RD,,Sanctuary Point,Basin Area
9/05/2018 0:00,Collect Litter - Remove Dead Animal from Road Reserve,-34.96803362,150.5026768,BRAIDWOOD RD - Central,,Yerriyong,Central Area
29/05/2018 0:00,Collect Litter - Remove Dead Animal from Road Reserve,-34.8451233,150.6137811,BAINBRIGGE CRES,,Nowra,Central Area
6/06/2018 0:00,Collect Litter - Remove Dead Animal from Road Reserve,-35.3617456,150.4654173,DEERING ST,,Ulladulla,Southern Area
16/07/2018 0:00,Collect Litter - Remove Dead Animal from Road Reserve,-34.88369783,150.6099403,JERVIS ST (NOWRA),,Nowra,Central Area
24/08/2018 0:00,Collect Litter - Remove Dead Animal from Road Reserve,-34.7618857,150.4804701,MT SCANZI RD,,Kangaroo Valley,Northern Area
24/08/2018 0:00,Collect Litter - Remove Dead Animal from Road Reserve,-34.7618857,150.4804701,MT SCANZI RD,,Kangaroo Valley,Northern Area
26/09/2018 0:00,Collect Litter - Remove Dead Animal from Road Reserve,-35.0272333,150.6245141,LOWRY RD,,Falls CreekWoollamiaHuskisson,Basin Area
4/10/2018 0:00,Collect Litter - Remove Dead Animal from Road Reserve,-35.39319756,150.3931548,CARROLL AVE (LAKE CONJOLA),,Lake Conjola,Southern Area
16/10/2018 0:00,Collect Litter - Remove Dead Animal from Road Reserve,-35.0731304,150.657573,MOONA CREEK RD,,Vincentia,Basin Area
23/10/2018 0:00,Collect Litter - Remove Dead Animal from Road Reserve,-34.8502602,150.7121892,TERARA RD,,TeraraNowra,Central Area
9/11/2018 0:00,Collect Litter - Remove Dead Animal from Road Reserve,-35.0703397,150.6750511,EXCELLENT ST,,Vincentia,Basin Area
10/11/2018 0:00,Collect Litter - Remove Dead Animal from Road Reserve,-35.3703899,150.4658476,DEERING ST,,Ulladulla,Southern Area
21/11/2018 0:00,Collect Litter - Remove Dead Animal from Road Reserve,-35.5049155,150.3871637,BAWLEY POINT RD,,Bawley Point,Southern Area
21/11/2018 0:00,Collect Litter - Remove Dead Animal from Road Reserve,-35.5049155,150.3871637,BAWLEY POINT RD,,Bawley Point,Southern Area
21/11/2018 0:01,Collect Litter - Remove Dead Animal from Road Reserve,-35.5437346,150.3841976,MURRAMARANG RD,,Kioloa,Southern Area
21/11/2018 0:01,Collect Litter - Remove Dead Animal from Road Reserve,-35.5437346,150.3841976,MURRAMARANG RD,,Kioloa,Southern Area
14/01/2019 0:00,Collect Litter - Remove Dead Animal from Road Reserve,-35.038367,150.6711524,CURRAMBENE ST,,Huskisson,Basin Area
15/01/2019 0:00,Collect Litter - Remove Dead Animal from Road Reserve,-35.0703521,150.6751065,ELIZABETH DR,,Vincentia,Basin Area
16/01/2019 0:00,Collect Litter - Remove Dead Animal from Road Reserve,-35.0706418,150.675161,ELIZABETH DR,,Vincentia,Basin Area
24/01/2019 0:00,Collect Litter - Remove Dead Animal from Road Reserve,-35.0429465,150.6709243,OWEN ST,,Huskisson,Basin Area
27/01/2019 0:00,Collect Litter - Remove Dead Animal from Road Reserve,-34.84215038,150.7527848,GERROA RD,,Coolangatta,Northern Area
1/02/2019 0:00,Collect Litter - Remove Dead Animal from Road Reserve,-35.0700838,150.6750488,ELIZABETH DR,,Vincentia,Basin Area
12/02/2019 0:00,Collect Litter - Remove Dead Animal from Road Reserve,-34.8780263,150.6072241,MORTON PDE,,Nowra,Central Area
1/03/2019 0:00,Collect Litter - Remove Dead Animal from Road Reserve,-35.0695182,150.5723062,MOONA CREEK RD,,Vincentia,Basin Area
1/03/2019 0:00,Collect Litter - Remove Dead Animal from Road Reserve,-35.0973962,150.6336696,OWEN ST,,Huskisson,Basin Area
15/04/2019 0:00,Collect Litter - Remove Dead Animal from Road Reserve,-35.0885747,150.1289765,BRAIDWOOD RD - Basin,,Sassafras,Basin Area
15/04/2019 0:00,Collect Litter - Remove Dead Animal from Road Reserve,-35.0258118,150.6663959,FRANK LEWIS WAY,,WoollamiaHuskisson,Basin Area
1/07/2019 0:00,Collect Litter - Remove Dead Animal from Road Reserve,-35.0332308,150.6658286,OWEN ST,,Huskisson,Basin Area
1/08/2019 0:00,Collect Litter - Remove Dead Animal from Road Reserve,-35.0719116,150.5725123,OWEN ST,,Huskisson,Basin Area
23/08/2019 0:00,Collect Litter - Remove Dead Animal from Road Reserve,-35.0925244,150.5613596,BASIN VIEW PDE,,Basin View,Basin Area
1/09/2019 0:00,Collect Litter - Remove Dead Animal from Road Reserve,-35.0704023,150.6751978,OWEN ST,,Huskisson,Basin Area
1/10/2019 0:00,Collect Litter - Remove Dead Animal from Road Reserve,-35.0704507,150.6751178,OWEN ST,,Huskisson,Basin Area
31/10/2019 0:00,Collect Litter - Remove Dead Animal from Road Reserve,-34.845626,150.613829,MCINTYRE WAY,,Bomaderry,Northern Area
1/11/2019 0:00,Collect Litter - Remove Dead Animal from Road Reserve,-35.0835735,150.6475988,OWEN ST,,Huskisson,Basin Area
13/11/2019 0:00,Collect Litter - Remove Dead Animal from Road Reserve,-35.030237,150.6618696,ERINA RD,,Huskisson,Basin Area
11/12/2019 0:00,Collect Litter - Remove Dead Animal from Road Reserve,-35.0308008,150.6622434,ERINA RD,,Huskisson,Basin Area
7/02/2020 0:00,Collect Litter - Remove Dead Animal from Road Reserve,-34.8685933,150.5969278,CALLALA BAY RD,,Callala BayWollumboola,Central Area
13/02/2020 0:00,Collect Litter - Remove Dead Animal from Road Reserve,-35.0308368,150.6622338,ERINA RD,,Huskisson,Basin Area
27/02/2020 0:00,Collect Litter - Remove Dead Animal from Road Reserve,-34.86526987,150.6029574,WHARF RD (Nowra),,Nowra,Central Area
28/02/2020 0:00,Collect Litter - Remove Dead Animal from Road Reserve,-34.842591,150.498054,ILLAROO RD,,Illaroo,Northern Area
17/07/2020 0:00,Collect Litter - Remove Dead Animal from Road Reserve,-35.0324494,150.6581673,ERINA RD,,Huskisson,Basin Area
7/01/2021 0:00,Collect Litter - Remove Dead Animal from Road Reserve,,,ALBATROSS RD,16,Nowra Hill,Central Area
7/01/2021 0:00,Collect Litter - Remove Dead Animal from Road Reserve,,,ALBATROSS RD,16,Nowra Hill,Central Area
7/01/2021 0:00,Collect Litter - Remove Dead Animal from Road Reserve,,,CENTRAL AV,318,South Nowra,Central Area
7/01/2021 0:00,Collect Litter - Remove Dead Animal from Road Reserve,,,LONGREACH RD,918,Longreach,Central Area
7/01/2021 0:00,Collect Litter - Remove Dead Animal from Road Reserve,,,PRINCE EDWARD AV,1239,Culburra Beach,Central Area
7/01/2021 0:00,Collect Litter - Remove Dead Animal from Road Reserve,,,WORRIGEE RD (WORRIGEE),1743,Worrigee,Central Area
7/01/2021 0:00,Collect Litter - Remove Dead Animal from Road Reserve,,,WORRIGEE RD (WORRIGEE),1743,Worrigee,Central Area
7/01/2021 0:00,Collect Litter - Remove Dead Animal from Road Reserve,,,FOREST RD,597 & 598,Wollumboola,Central Area
8/01/2021 0:00,Collect Litter - Remove Dead Animal from Road Reserve,,,BURRIER RD,256,Burrier,Central Area
8/01/2021 0:00,Collect Litter - Remove Dead Animal from Road Reserve,,,BURRIER RD,256,Burrier,Central Area
9/01/2021 0:00,Collect Litter - Remove Dead Animal from Road Reserve,-34.890939,150.618402,ASCALON CL,62,Nowra,Central Area
9/01/2021 0:00,Collect Litter - Remove Dead Animal from Road Reserve,-34.879476,150.59123,BAINBRIGGE CR,86,Nowra,Central Area
9/01/2021 0:00,Collect Litter - Remove Dead Animal from Road Reserve,,,BURRIER RD,256,Burrier,Central Area
9/01/2021 0:00,Collect Litter - Remove Dead Animal from Road Reserve,,,BURRIER RD,256,Burrier,Central Area
9/01/2021 0:00,Collect Litter - Remove Dead Animal from Road Reserve,-34.912685,150.591773,CENTRAL AV,318,South Nowra,Central Area
9/01/2021 0:00,Collect Litter - Remove Dead Animal from Road Reserve,-34.912296,150.603116,PRINCES HWY - South Nowra,1243,South Nowra,Central Area
9/01/2021 0:00,Collect Litter - Remove Dead Animal from Road Reserve,-34.912203,150.603166,PRINCES HWY - South Nowra,1243,South Nowra,Central Area
9/01/2021 0:00,Collect Litter - Remove Dead Animal from Road Reserve,,,EGANS LANE,1953,Nowra,Central Area
10/01/2021 0:00,Collect Litter - Remove Dead Animal from Road Reserve,-34.873083,150.601691,NORTH ST,"1095, 1844 & 1896",Nowra,Central Area
11/01/2021 0:00,Collect Litter - Remove Dead Animal from Road Reserve,-34.873569,150.6024,EGANS LANE,1953,Nowra,Central Area
12/01/2021 0:00,Collect Litter - Remove Dead Animal from Road Reserve,-34.872847,150.599575,ALBATROSS RD,16,Nowra Hill,Central Area
12/01/2021 0:00,Collect Litter - Remove Dead Animal from Road Reserve,-34.873036,150.601693,JUNCTION ST,1846,Nowra,Central Area
12/01/2021 0:00,Collect Litter - Remove Dead Animal from Road Reserve,-34.884354,150.60353,EAST ST,1955,Nowra,Central Area
12/01/2021 0:00,Collect Litter - Remove Dead Animal from Road Reserve,-34.884354,150.60353,EAST ST,1955,Nowra,Central Area
12/01/2021 0:00,Collect Litter - Remove Dead Animal from Road Reserve,-34.892552,150.617341,KAMERUKA CR,2152,Nowra,Central Area
6/02/2021 0:00,Collect Litter - Remove Dead Animal from Road Reserve,-34.936531,150.53766,BRAIDWOOD RD,92,Yerriyong,Central Area
6/02/2021 0:00,Collect Litter - Remove Dead Animal from Road Reserve,-34.936531,150.53766,BRAIDWOOD RD,92,Yerriyong,Central Area
6/02/2021 0:00,Collect Litter - Remove Dead Animal from Road Reserve,-34.873604,150.595211,JUNCTION ST,1846,Nowra,Central Area
7/02/2021 0:00,Collect Litter - Remove Dead Animal from Road Reserve,-34.905131,150.605263,BROWNS RD,235,South Nowra,Central Area
7/02/2021 0:00,Collect Litter - Remove Dead Animal from Road Reserve,-34.905131,150.605263,BROWNS RD,235,South Nowra,Central Area
8/02/2021 0:00,Collect Litter - Remove Dead Animal from Road Reserve,-34.937977,150.769627,EAST CR,495,Culburra Beach,Central Area
8/02/2021 0:00,Collect Litter - Remove Dead Animal from Road Reserve,-34.937977,150.769627,EAST CR,495,Culburra Beach,Central Area
8/02/2021 0:00,Collect Litter - Remove Dead Animal from Road Reserve,-34.918618,150.550722,GREY GUM CL,676,Nowra Hill,Central Area
8/02/2021 0:00,Collect Litter - Remove Dead Animal from Road Reserve,-34.918618,150.550722,GREY GUM CL,676,Nowra Hill,Central Area
9/02/2021 0:00,Collect Litter - Remove Dead Animal from Road Reserve,-34.873127,150.602078,NORTH ST,"1095, 1844 & 1896",Nowra,Central Area
9/02/2021 0:00,Collect Litter - Remove Dead Animal from Road Reserve,-34.90735,150.631911,WORRIGEE RD,1742 &1743,Currarong,Central Area
9/02/2021 0:00,Collect Litter - Remove Dead Animal from Road Reserve,-34.90735,150.631911,WORRIGEE RD,1742 &1743,Currarong,Central Area
10/02/2021 0:00,Collect Litter - Remove Dead Animal from Road Reserve,-35.094035,150.612537,MUSTANG DR,1065,Sanctuary Point,Basin Area
10/02/2021 0:00,Collect Litter - Remove Dead Animal from Road Reserve,-35.094142,150.61268,MUSTANG DR,1065,Sanctuary Point,Basin Area
10/02/2021 0:00,Collect Litter - Remove Dead Animal from Road Reserve,-35.094142,150.61268,MUSTANG DR,1065,Sanctuary Point,Basin Area
11/02/2021 0:00,Collect Litter - Remove Dead Animal from Road Reserve,-34.902015,150.556565,CABBAGE TREE LANE,262,Nowra Hill,Central Area
11/02/2021 0:00,Collect Litter - Remove Dead Animal from Road Reserve,-34.902015,150.556565,CABBAGE TREE LANE,262,Nowra Hill,Central Area
11/02/2021 0:00,Collect Litter - Remove Dead Animal from Road Reserve,-34.902425,150.629887,FORESTPARK RD,602,Worrigee,Central Area
11/02/2021 0:00,Collect Litter - Remove Dead Animal from Road Reserve,-34.92044,150.532923,GANNET RD,616,Nowra Hill,Central Area
11/02/2021 0:00,Collect Litter - Remove Dead Animal from Road Reserve,-34.92044,150.532923,GANNET RD,616,Nowra Hill,Central Area
11/02/2021 0:00,Collect Litter - Remove Dead Animal from Road Reserve,-34.893269,150.559,YALWAL RD - Sealed,1753,Mundamia,Central Area
11/02/2021 0:00,Collect Litter - Remove Dead Animal from Road Reserve,-34.893258,150.559015,YALWAL RD - Sealed,1753,Mundamia,Central Area
11/02/2021 0:00,Collect Litter - Remove Dead Animal from Road Reserve,-34.872522,150.602502,NORTH ST,"1095, 1844 & 1896",Nowra,Central Area
12/02/2021 0:00,Collect Litter - Remove Dead Animal from Road Reserve,-34.87299,150.60165,BERRY ST (NOWRA),154,Nowra,Central Area
16/02/2021 0:00,Collect Litter - Remove Dead Animal from Road Reserve,-35.0822204,150.5995208,GUMDEN LANE,,TomerongSt Georges Basin,Basin Area
6/03/2021 0:00,Collect Litter - Remove Dead Animal from Road Reserve,-34.90405,150.602479,BROWNS RD,235,South Nowra,Central Area
6/03/2021 0:00,Collect Litter - Remove Dead Animal from Road Reserve,-34.844991,150.613767,VICTA WAY,1600,Bomaderry,Northern Area
6/03/2021 0:00,Collect Litter - Remove Dead Animal from Road Reserve,-34.878378,150.599521,PLUNKETT ST,1840,Nowra,Central Area
6/03/2021 0:00,Collect Litter - Remove Dead Animal from Road Reserve,-34.878378,150.599521,PLUNKETT ST,1840,Nowra,Central Area
8/03/2021 0:00,Collect Litter - Remove Dead Animal from Road Reserve,-35.010911,150.654915,STREAMSIDE ST,1425,Woollamia,Basin Area
8/03/2021 0:00,Collect Litter - Remove Dead Animal from Road Reserve,-35.04933,150.56085,TURPENTINE RD,1580,Tomerong,Basin Area
8/03/2021 0:00,Collect Litter - Remove Dead Animal from Road Reserve,-35.101789,150.686163,ILLOWRA LANE,1999,Hyams Beach,Basin Area
8/03/2021 0:00,Collect Litter - Remove Dead Animal from Road Reserve,-35.043957,150.676239,BEACH ST,"125, 126 & 2181",Huskisson,Basin Area
8/03/2021 0:00,Collect Litter - Remove Dead Animal from Road Reserve,-35.114121,150.639444,Carpark Surface-John Williams Reserve Carpark-Sanctuary Point,,Sanctuary Point,Basin Area
9/03/2021 0:00,Collect Litter - Remove Dead Animal from Road Reserve,,,EGANS LANE,1953,Nowra,Central Area
11/03/2021 0:00,Collect Litter - Remove Dead Animal from Road Reserve,-34.87312,150.601804,NORTH ST,"1095, 1844 & 1896",Nowra,Central Area
12/03/2021 0:00,Collect Litter - Remove Dead Animal from Road Reserve,-34.871072,150.607378,CAMPBELL PL,281,Nowra,Central Area
12/03/2021 0:00,Collect Litter - Remove Dead Animal from Road Reserve,-34.871035,150.607681,CAMPBELL PL,281,Nowra,Central Area
12/03/2021 0:00,Collect Litter - Remove Dead Animal from Road Reserve,-34.894907,150.603888,PARK RD (NOWRA),1168,Nowra,Central Area
12/03/2021 0:00,Collect Litter - Remove Dead Animal from Road Reserve,-34.894907,150.603888,PARK RD (NOWRA),1168,Nowra,Central Area
5/04/2021 0:00,Collect Litter - Remove Dead Animal from Road Reserve,-35.071945,150.58071,WARNE RD,,Tomerong,Basin Area
5/04/2021 0:00,Collect Litter - Remove Dead Animal from Road Reserve,-35.089891,150.611013,THE WOOL LANE,,St Georges Basin,Basin Area
5/04/2021 0:00,Collect Litter - Remove Dead Animal from Road Reserve,-35.07953,150.654649,THE WOOL RD,,Vincentia,Basin Area
5/04/2021 0:00,Collect Litter - Remove Dead Animal from Road Reserve,-34.930241,150.760697,THE LAKE CCT,,Culburra Beach,Central Area
5/04/2021 0:00,Collect Litter - Remove Dead Animal from Road Reserve,-34.931075,150.761384,INGLE RING,,Culburra Beach,Central Area
5/04/2021 0:00,Collect Litter - Remove Dead Animal from Road Reserve,-34.931029,150.763818,PARK ST (CULBURRA BEACH),,Culburra Beach,Central Area
10/04/2021 0:00,Collect Litter - Remove Dead Animal from Road Reserve,-35.094172,150.61253,PLANTATION POINT PDE,1220,Vincentia,Basin Area
11/04/2021 0:00,Collect Litter - Remove Dead Animal from Road Reserve,-34.873703,150.602218,EGANS LANE,1953,Nowra,Central Area
26/04/2021 0:00,Collect Litter - Remove Dead Animal from Road Reserve,-34.804827,150.755981,GERROA RD,,Coolangatta,Northern Area
26/04/2021 0:00,Collect Litter - Remove Dead Animal from Road Reserve,-34.804941,150.755985,GERROA RD,,Coolangatta,Northern Area
26/04/2021 0:00,Collect Litter - Remove Dead Animal from Road Reserve,-34.804708,150.755993,GERROA RD,,Coolangatta,Northern Area
26/04/2021 0:00,Collect Litter - Remove Dead Animal from Road Reserve,-34.804818,150.756039,GERROA RD,,Coolangatta,Northern Area
5/05/2021 0:00,Collect Litter - Remove Dead Animal from Road Reserve,-34.919311,150.762072,PRINCE EDWARD AV,,Culburra Beach,Central Area
8/05/2021 0:00,Collect Litter - Remove Dead Animal from Road Reserve,-34.914026,150.600283,CENTRAL AV,318,South Nowra,Central Area
8/05/2021 0:00,Collect Litter - Remove Dead Animal from Road Reserve,-34.83563,150.607807,OLD SOUTHERN RD,2012,South Nowra,Central Area
8/05/2021 0:00,Collect Litter - Remove Dead Animal from Road Reserve,-34.835636,150.607838,OLD SOUTHERN RD,2012,South Nowra,Central Area
10/05/2021 0:00,Collect Litter - Remove Dead Animal from Road Reserve,-34.872876,150.601706,NORTH ST,"1095, 1844 & 1896",Nowra,Central Area
17/05/2021 0:00,Collect Litter - Remove Dead Animal from Road Reserve,-35.028388,150.674187,CATHERINE ST,,Myola,Central Area
20/05/2021 0:00,Collect Litter - Remove Dead Animal from Road Reserve,-34.898336,150.603745,HILLCREST AV,718,South Nowra,Central Area
20/05/2021 0:00,Collect Litter - Remove Dead Animal from Road Reserve,-35.028329,150.674117,CATHERINE ST,1995,Myola,Central Area
20/05/2021 0:00,Collect Litter - Remove Dead Animal from Road Reserve,-35.028329,150.674117,CATHERINE ST,1995,Myola,Central Area
27/05/2021 0:00,Collect Litter - Remove Dead Animal from Road Reserve,-34.906991,150.618316,BASIL ST,2113,South Nowra,Central Area
27/05/2021 0:00,Collect Litter - Remove Dead Animal from Road Reserve,-34.906991,150.618316,BASIL ST,2113,South Nowra,Central Area
27/05/2021 0:00,Collect Litter - Remove Dead Animal from Road Reserve,-34.929659,150.765943,PENGUINS HEAD RD,2117,Culburra Beach,Central Area
28/05/2021 0:00,Collect Litter - Remove Dead Animal from Road Reserve,-34.981127,150.779442,CURRARONG RD,433,Wollumboola,Central Area
31/05/2021 0:00,Collect Litter - Remove Dead Animal from Road Reserve,-34.890592,150.461091,BURRIER RD,256,Burrier,Central Area
31/05/2021 0:00,Collect Litter - Remove Dead Animal from Road Reserve,-34.890592,150.461091,BURRIER RD,256,Burrier,Central Area
31/05/2021 0:01,Collect Litter - Remove Dead Animal from Road Reserve,-34.870088,150.448891,BURRIER RD,256,Burrier,Central Area
31/05/2021 0:01,Collect Litter - Remove Dead Animal from Road Reserve,-34.870088,150.448891,BURRIER RD,256,Burrier,Central Area
31/05/2021 0:02,Collect Litter - Remove Dead Animal from Road Reserve,-34.891425,150.463515,BURRIER RD,256,Burrier,Central Area
31/05/2021 0:02,Collect Litter - Remove Dead Animal from Road Reserve,-34.891425,150.463515,BURRIER RD,256,Burrier,Central Area
5/06/2021 0:00,Collect Litter - Remove Dead Animal from Road Reserve,-34.899936,150.585613,ALBATROSS RD,,Nowra Hill,Central Area
7/06/2021 0:00,Collect Litter - Remove Dead Animal from Road Reserve,-34.828876,150.536165,ILLAROO RD,757,Illaroo,Northern Area
7/06/2021 0:00,Collect Litter - Remove Dead Animal from Road Reserve,-34.828876,150.536165,ILLAROO RD,757,Illaroo,Northern Area
7/06/2021 0:00,Collect Litter - Remove Dead Animal from Road Reserve,-34.860571,150.576602,MCMAHONS RD,957,North Nowra,Northern Area
7/06/2021 0:00,Collect Litter - Remove Dead Animal from Road Reserve,-34.844975,150.613736,MYOLA RD,1066,Myola,Central Area
7/06/2021 0:00,Collect Litter - Remove Dead Animal from Road Reserve,,,RIVER RD (SHOALHAVEN HEADS),1297,Shoalhaven Heads,Northern Area
9/06/2021 0:00,Collect Litter - Remove Dead Animal from Road Reserve,-34.864891,150.60562,RIVERVIEW RD,1301,Nowra,Central Area
9/06/2021 0:00,Collect Litter - Remove Dead Animal from Road Reserve,-34.904358,150.614502,OLD SOUTHERN RD,2012,South Nowra,Central Area
9/06/2021 0:00,Collect Litter - Remove Dead Animal from Road Reserve,-34.904358,150.614502,OLD SOUTHERN RD,2012,South Nowra,Central Area
10/06/2021 0:00,Collect Litter - Remove Dead Animal from Road Reserve,-34.872924,150.60167,NORTH ST,"1095, 1844 & 1896",Nowra,Central Area
12/06/2021 0:00,Collect Litter - Remove Dead Animal from Road Reserve,-34.873323,150.601501,BERRY ST (NOWRA),154,Nowra,Central Area
15/06/2021 0:00,Collect Litter - Remove Dead Animal from Road Reserve,-34.843277,150.577274,WEST CAMBEWARRA RD,1675,North Nowra,Northern Area
16/06/2021 0:00,Collect Litter - Remove Dead Animal from Road Reserve,-34.884028,150.597935,ST ANNS ST,1836,Nowra,Central Area
17/06/2021 8:07,Collect Litter - Remove Dead Animal from Road Reserve,-34.76400809,150.6770352,MOUNT VISTA CL,1046,Berry,Northern Area
17/06/2021 9:54,Collect Litter - Remove Dead Animal from Road Reserve,-34.82384065,150.5664476,MAIN RD,961,Cambewarra Village,Northern Area
17/06/2021 10:52,Collect Litter - Remove Dead Animal from Road Reserve,-34.92136996,150.5569839,CABBAGE TREE LANE,262,Nowra Hill,Central Area
17/06/2021 13:27,Collect Litter - Remove Dead Animal from Road Reserve,-34.93144947,150.7516348,CULBURRA RD,426,Wollumboola,Central Area
21/06/2021 0:00,Collect Litter - Remove Dead Animal from Road Reserve,-34.861924,150.569308,HOSKIN ST,738,North Nowra,Northern Area
21/06/2021 0:00,Collect Litter - Remove Dead Animal from Road Reserve,-34.861924,150.569308,HOSKIN ST,738,North Nowra,Northern Area
21/06/2021 0:00,Collect Litter - Remove Dead Animal from Road Reserve,-34.857699,150.590178,PHILIP DR,1208,North Nowra,Northern Area
21/06/2021 0:01,Collect Litter - Remove Dead Animal from Road Reserve,-34.836539,150.551142,ILLAROO RD,757,Illaroo,Northern Area
21/06/2021 0:01,Collect Litter - Remove Dead Animal from Road Reserve,-34.836539,150.551142,ILLAROO RD,757,Illaroo,Northern Area
23/06/2021 0:00,Collect Litter - Remove Dead Animal from Road Reserve,-34.845807,150.612685,ILLAROO RD,757,Illaroo,Northern Area
23/06/2021 0:00,Collect Litter - Remove Dead Animal from Road Reserve,-34.845807,150.612685,ILLAROO RD,757,Illaroo,Northern Area
23/06/2021 0:00,Collect Litter - Remove Dead Animal from Road Reserve,-34.903368,150.727251,WEST ST,1671 to 1672,Nowra,Central Area
24/06/2021 0:00,Collect Litter - Remove Dead Animal from Road Reserve,-34.926763,150.761992,PRINCE EDWARD AV,1239,Culburra Beach,Central Area
24/06/2021 0:00,Collect Litter - Remove Dead Animal from Road Reserve,-34.865864,150.625303,TERARA RD,1479,TeraraNowra,Central Area
24/06/2021 0:00,Collect Litter - Remove Dead Animal from Road Reserve,-34.865864,150.625303,TERARA RD,1479,TeraraNowra,Central Area
24/06/2021 0:00,Collect Litter - Remove Dead Animal from Road Reserve,-34.890443,150.634934,WORRIGEE RD,1742 &1743,Currarong,Central Area
28/06/2021 0:00,Collect Litter - Remove Dead Animal from Road Reserve,-34.907522,150.549636,STRINGYBARK RD,1426,Nowra Hill,Central Area
28/06/2021 0:00,Collect Litter - Remove Dead Animal from Road Reserve,-34.907522,150.549636,STRINGYBARK RD,1426,Nowra Hill,Central Area
28/06/2021 0:01,Collect Litter - Remove Dead Animal from Road Reserve,-34.910599,150.611926,OLD SOUTHERN RD,2012,South Nowra,Central Area
28/06/2021 0:01,Collect Litter - Remove Dead Animal from Road Reserve,-34.910599,150.611926,OLD SOUTHERN RD,2012,South Nowra,Central Area
29/06/2021 0:00,Collect Litter - Remove Dead Animal from Road Reserve,-34.9785,150.716501,CURRARONG RD,433,Wollumboola,Central Area
30/06/2021 0:00,Collect Litter - Remove Dead Animal from Road Reserve,-34.89505,150.673623,JINDY ANDY LANE,806,PyreeNumbaa,Central Area
30/06/2021 0:00,Collect Litter - Remove Dead Animal from Road Reserve,-34.89505,150.673623,JINDY ANDY LANE,806,PyreeNumbaa,Central Area
30/06/2021 0:00,Collect Litter - Remove Dead Animal from Road Reserve,-34.870891,150.602895,MCGRATH AV,945,Nowra,Central Area
9/07/2021 0:00,Collect Litter - Remove Dead Animal from Road Reserve,-35.381682,150.447325,KENDALL CR,833,Burrill Lake,Southern Area
9/07/2021 0:00,Collect Litter - Remove Dead Animal from Road Reserve,,,EGANS LANE,1953,Nowra,Central Area
9/07/2021 0:00,Collect Litter - Remove Dead Animal from Road Reserve,-34.903339,150.727394,WEST ST,1671 to 1672,Nowra,Central Area
12/07/2021 0:00,Collect Litter - Remove Dead Animal from Road Reserve,-34.87337,150.601103,BERRY ST,153 to 155,Nowra,Central Area
13/07/2021 0:00,Collect Litter - Remove Dead Animal from Road Reserve,-34.917188,150.557766,STRINGYBARK RD,1426,Nowra Hill,Central Area
13/07/2021 0:00,Collect Litter - Remove Dead Animal from Road Reserve,-34.917188,150.557766,STRINGYBARK RD,1426,Nowra Hill,Central Area
13/07/2021 0:00,Collect Litter - Remove Dead Animal from Road Reserve,-34.880525,150.602235,DOUGLAS ST,1838,Nowra,Central Area
13/07/2021 0:01,Collect Litter - Remove Dead Animal from Road Reserve,-34.917279,150.55778,STRINGYBARK RD,1426,Nowra Hill,Central Area
13/07/2021 0:01,Collect Litter - Remove Dead Animal from Road Reserve,-34.917279,150.55778,STRINGYBARK RD,1426,Nowra Hill,Central Area
14/07/2021 0:00,Collect Litter - Remove Dead Animal from Road Reserve,-34.906954,150.735431,GREENWELL POINT RD,680,Worrigee,Central Area
14/07/2021 0:00,Collect Litter - Remove Dead Animal from Road Reserve,-34.906954,150.735431,GREENWELL POINT RD,680,Worrigee,Central Area
14/07/2021 0:01,Collect Litter - Remove Dead Animal from Road Reserve,-34.965405,150.574473,PARMA RD,1179,Parma,Central Area
14/07/2021 0:01,Collect Litter - Remove Dead Animal from Road Reserve,-34.965405,150.574473,PARMA RD,1179,Parma,Central Area
15/07/2021 0:00,Collect Litter - Remove Dead Animal from Road Reserve,-34.916668,150.553931,STRINGYBARK RD,1426,Nowra Hill,Central Area
15/07/2021 0:00,Collect Litter - Remove Dead Animal from Road Reserve,-34.916668,150.553931,STRINGYBARK RD,1426,Nowra Hill,Central Area
15/07/2021 0:00,Collect Litter - Remove Dead Animal from Road Reserve,-34.876705,150.603213,O'CONNEL LANE,1946,Nowra,Central Area
15/07/2021 0:00,Collect Litter - Remove Dead Animal from Road Reserve,-34.914124,150.61142,WATTLEBIRD RD,2365,South Nowra,Central Area
21/07/2021 0:00,Collect Litter - Remove Dead Animal from Road Reserve,-34.923679,150.554397,ALBATROSS RD,16,Nowra Hill,Central Area
21/07/2021 0:00,Collect Litter - Remove Dead Animal from Road Reserve,-34.923679,150.554397,ALBATROSS RD,16,Nowra Hill,Central Area
21/07/2021 0:00,Collect Litter - Remove Dead Animal from Road Reserve,-34.853125,150.678404,BACK FOREST RD,82,Back Forest,Northern Area
22/07/2021 0:00,Collect Litter - Remove Dead Animal from Road Reserve,-34.893162,150.609853,MORESBY ST,1029,Nowra,Central Area
22/07/2021 0:00,Collect Litter - Remove Dead Animal from Road Reserve,-34.907641,150.549051,STRINGYBARK RD,1426,Nowra Hill,Central Area
22/07/2021 0:00,Collect Litter - Remove Dead Animal from Road Reserve,-34.907641,150.549051,STRINGYBARK RD,1426,Nowra Hill,Central Area
22/07/2021 0:00,Collect Litter - Remove Dead Animal from Road Reserve,-34.865769,150.602062,WHARF RD,1683 to 1686,Nowra,Central Area
26/07/2021 0:00,Collect Litter - Remove Dead Animal from Road Reserve,-34.874393,150.603081,KINGHORNE ST,851,Nowra,Central Area
26/07/2021 0:00,Collect Litter - Remove Dead Animal from Road Reserve,-35.083613,150.54405,THE WOOL RD,1525,Vincentia,Basin Area
26/07/2021 0:00,Collect Litter - Remove Dead Animal from Road Reserve,-35.088683,150.549366,THE WOOL RD,1525,Vincentia,Basin Area
26/07/2021 0:00,Collect Litter - Remove Dead Animal from Road Reserve,-34.854106,150.527855,MURRELL PL,1786,North Nowra,Northern Area
26/07/2021 0:00,Collect Litter - Remove Dead Animal from Road Reserve,-34.854106,150.527855,MURRELL PL,1786,North Nowra,Northern Area
27/07/2021 0:00,Collect Litter - Remove Dead Animal from Road Reserve,-34.924512,150.537751,GANNET RD,616,Nowra Hill,Central Area
27/07/2021 0:00,Collect Litter - Remove Dead Animal from Road Reserve,-34.924512,150.537751,GANNET RD,616,Nowra Hill,Central Area
27/07/2021 0:01,Collect Litter - Remove Dead Animal from Road Reserve,-34.919208,150.557517,CABBAGE TREE LANE,262,Nowra Hill,Central Area
27/07/2021 0:01,Collect Litter - Remove Dead Animal from Road Reserve,-34.919208,150.557517,CABBAGE TREE LANE,262,Nowra Hill,Central Area
28/07/2021 0:00,Collect Litter - Remove Dead Animal from Road Reserve,-35.527132,150.392992,MURRAMARANG RD,1056,Kioloa,Southern Area
30/07/2021 0:00,Collect Litter - Remove Dead Animal from Road Reserve,-34.900216,150.618927,PYREE LANE,1251,Pyree,Central Area
6/08/2021 0:00,Collect Litter - Remove Dead Animal from Road Reserve,-34.88784,150.599137,ALBATROSS RD,16,Nowra Hill,Central Area
6/08/2021 0:00,Collect Litter - Remove Dead Animal from Road Reserve,-34.88784,150.599137,ALBATROSS RD,16,Nowra Hill,Central Area
7/08/2021 0:00,Collect Litter - Remove Dead Animal from Road Reserve,-34.928688,150.551218,ALBATROSS RD,16,Nowra Hill,Central Area
7/08/2021 0:00,Collect Litter - Remove Dead Animal from Road Reserve,-34.928688,150.551218,ALBATROSS RD,16,Nowra Hill,Central Area
8/08/2021 0:00,Collect Litter - Remove Dead Animal from Road Reserve,-35.011767,150.826535,BEECROFT PDE,133,Currarong,Central Area
8/08/2021 0:00,Collect Litter - Remove Dead Animal from Road Reserve,-35.000077,150.723422,BOORAWINE TCE,195,Callala Bay,Central Area
8/08/2021 0:00,Collect Litter - Remove Dead Animal from Road Reserve,-35.009047,150.699663,CALLALA BEACH RD,272,Callala Beach,Central Area
8/08/2021 0:00,Collect Litter - Remove Dead Animal from Road Reserve,-34.933667,150.778978,FARRANT AV,555,Culburra Beach,Central Area
8/08/2021 0:00,Collect Litter - Remove Dead Animal from Road Reserve,-34.871433,150.602898,MCGRATH AV,945,Nowra,Central Area
8/08/2021 0:00,Collect Litter - Remove Dead Animal from Road Reserve,-34.851193,150.749398,MCINTOSH ST,947,Shoalhaven Heads,Northern Area
8/08/2021 0:00,Collect Litter - Remove Dead Animal from Road Reserve,-34.911802,150.744891,ORIENT AV,1135,Orient Point,Central Area
8/08/2021 0:00,Collect Litter - Remove Dead Animal from Road Reserve,-35.014711,150.822984,PISCATOR AV,1217,Currarong,Central Area
8/08/2021 0:00,Collect Litter - Remove Dead Animal from Road Reserve,-34.929457,150.75887,PRINCE EDWARD AV,1239,Culburra Beach,Central Area
8/08/2021 0:00,Collect Litter - Remove Dead Animal from Road Reserve,-34.926226,150.761867,PRINCE EDWARD AV,1239,Culburra Beach,Central Area
8/08/2021 0:00,Collect Litter - Remove Dead Animal from Road Reserve,-35.012289,150.693671,QUAY RD,1254,Callala Beach,Central Area
8/08/2021 0:00,Collect Litter - Remove Dead Animal from Road Reserve,-34.775712,150.685649,VICTORIA ST,1602,Berry,Northern Area
8/08/2021 0:00,Collect Litter - Remove Dead Animal from Road Reserve,-35.015818,150.819565,WARRAIN CR,1640,Currarong,Central Area
8/08/2021 0:00,Collect Litter - Remove Dead Animal from Road Reserve,-34.905016,150.496659,YALWAL ST,1755,Currarong,Central Area
8/08/2021 0:00,Collect Litter - Remove Dead Animal from Road Reserve,-34.905016,150.496659,YALWAL ST,1755,Currarong,Central Area
8/08/2021 0:00,Collect Litter - Remove Dead Animal from Road Reserve,-34.775386,150.698993,PRINCE ALFRED ST,1857,Berry,Northern Area
8/08/2021 0:00,Collect Litter - Remove Dead Animal from Road Reserve,-34.775365,150.698997,PRINCE ALFRED ST,1857,Berry,Northern Area
8/08/2021 0:00,Collect Litter - Remove Dead Animal from Road Reserve,-34.775385,150.699026,PRINCE ALFRED ST,1857,Berry,Northern Area
8/08/2021 0:00,Collect Litter - Remove Dead Animal from Road Reserve,-34.874191,150.602619,EGANS LANE,1953,Nowra,Central Area
8/08/2021 0:00,Collect Litter - Remove Dead Animal from Road Reserve,-34.905717,150.760456,CROOKHAVEN BOAT RAMP,1972,Culburra Beach,Central Area
8/08/2021 0:00,Collect Litter - Remove Dead Animal from Road Reserve,-34.932563,150.778512,PENGUINS HEAD RD,2117,Culburra Beach,Central Area
8/08/2021 0:00,Collect Litter - Remove Dead Animal from Road Reserve,-35.01693,150.67245,MYOLA BOAT RAMP,3198,Myola,Central Area
8/08/2021 0:00,Collect Litter - Remove Dead Animal from Road Reserve,-34.87121,150.595264,NORTH ST,"1095, 1844 & 1896",Nowra,Central Area
8/08/2021 0:00,Collect Litter - Remove Dead Animal from Road Reserve,-34.862835,150.59746,FAIRWAY DR,552 & 1871,North Nowra,Northern Area
8/08/2021 0:00,Collect Litter - Remove Dead Animal from Road Reserve,-34.907772,150.602108,FLINDERS RD,586 & 587,South Nowra,Central Area
9/08/2021 0:00,Collect Litter - Remove Dead Animal from Road Reserve,-34.891346,150.613689,MCKAY ST,1833,Nowra,Central Area
9/08/2021 0:00,Collect Litter - Remove Dead Animal from Road Reserve,,,EGANS LANE,1953,Nowra,Central Area
9/08/2021 0:00,Collect Litter - Remove Dead Animal from Road Reserve,-34.906319,150.61397,OLD SOUTHERN RD,2012,South Nowra,Central Area
9/08/2021 0:00,Collect Litter - Remove Dead Animal from Road Reserve,-34.906319,150.61397,OLD SOUTHERN RD,2012,South Nowra,Central Area
10/08/2021 0:00,Collect Litter - Remove Dead Animal from Road Reserve,-34.889161,150.697977,SMITHS LANE,1395,Numbaa,Central Area
11/08/2021 0:00,Collect Litter - Remove Dead Animal from Road Reserve,-34.873137,150.601597,NORTH ST,"1095, 1844 & 1896",Nowra,Central Area
12/08/2021 0:00,Collect Litter - Remove Dead Animal from Road Reserve,-34.872998,150.601614,BERRY ST (NOWRA),154,Nowra,Central Area
12/08/2021 0:00,Collect Litter - Remove Dead Animal from Road Reserve,-34.874695,150.603781,EMMETT ST,528,Callala Bay,Central Area
12/08/2021 0:00,Collect Litter - Remove Dead Animal from Road Reserve,-34.960497,150.510771,PARMA RD,1179,Parma,Central Area
12/08/2021 0:00,Collect Litter - Remove Dead Animal from Road Reserve,-34.96076,150.51094,PARMA RD,1179,Parma,Central Area
12/08/2021 0:00,Collect Litter - Remove Dead Animal from Road Reserve,-34.89243,150.583693,YALWAL RD - Sealed,1753,Mundamia,Central Area
12/08/2021 0:00,Collect Litter - Remove Dead Animal from Road Reserve,-34.89243,150.583693,YALWAL RD - Sealed,1753,Mundamia,Central Area
12/08/2021 0:00,Collect Litter - Remove Dead Animal from Road Reserve,-34.889402,150.607502,WALLACE ST,1621 & 2165,Nowra,Central Area
16/08/2021 0:00,Collect Litter - Remove Dead Animal from Road Reserve,-34.835612,150.607863,BASIL ST,2113,South Nowra,Central Area
17/08/2021 0:00,Collect Litter - Remove Dead Animal from Road Reserve,-35.006906,150.704985,GREENWAY RD,677,Callala Beach,Central Area
17/08/2021 0:00,Collect Litter - Remove Dead Animal from Road Reserve,-34.885086,150.612602,SHORLAND PL,1380,Nowra,Central Area
17/08/2021 0:00,Collect Litter - Remove Dead Animal from Road Reserve,-34.891655,150.588815,YALWAL RD - Sealed,1753,Mundamia,Central Area
20/08/2021 0:00,Collect Litter - Remove Dead Animal from Road Reserve,-35.025807,150.666345,FRANK LEWIS WAY,606,WoollamiaHuskisson,Basin Area
20/08/2021 0:00,Collect Litter - Remove Dead Animal from Road Reserve,-35.099434,150.650561,NAVAL PDE,1072,Erowal Bay,Basin Area
20/08/2021 0:00,Collect Litter - Remove Dead Animal from Road Reserve,-34.90937,150.609349,QUINNS LANE,1262,South Nowra,Central Area
20/08/2021 0:00,Collect Litter - Remove Dead Animal from Road Reserve,-34.90937,150.609349,QUINNS LANE,1262,South Nowra,Central Area
20/08/2021 0:01,Collect Litter - Remove Dead Animal from Road Reserve,-34.89301,150.581195,YALWAL RD - Sealed,1753,Mundamia,Central Area
20/08/2021 0:01,Collect Litter - Remove Dead Animal from Road Reserve,-34.89301,150.581195,YALWAL RD - Sealed,1753,Mundamia,Central Area
20/08/2021 0:02,Collect Litter - Remove Dead Animal from Road Reserve,-34.939981,150.587287,BTU RD,80,Nowra Hill,Central Area
20/08/2021 0:02,Collect Litter - Remove Dead Animal from Road Reserve,-34.939981,150.587287,BTU RD,80,Nowra Hill,Central Area
20/08/2021 0:03,Collect Litter - Remove Dead Animal from Road Reserve,-34.964711,150.563895,PARMA RD,1179,Parma,Central Area
20/08/2021 0:03,Collect Litter - Remove Dead Animal from Road Reserve,-34.964711,150.563895,PARMA RD,1179,Parma,Central Area
30/08/2021 0:00,Collect Litter - Remove Dead Animal from Road Reserve,-34.873489,150.601507,EGANS LANE,1953,Nowra,Central Area
30/08/2021 0:00,Collect Litter - Remove Dead Animal from Road Reserve,-34.929614,150.603257,OLD PRINCES HWY,"183, 1130, 2057, 2352 & 3364",,
30/08/2021 0:00,Collect Litter - Remove Dead Animal from Road Reserve,-34.929614,150.603257,OLD PRINCES HWY,"183, 1130, 2057, 2352 & 3364",South Nowra,Central Area
30/08/2021 0:01,Collect Litter - Remove Dead Animal from Road Reserve,-34.922571,150.603886,PRINCES HWY,,South Nowra,Central Area
30/08/2021 0:01,Collect Litter - Remove Dead Animal from Road Reserve,-34.922571,150.603886,PRINCES HWY,,South Nowra,Central Area
30/08/2021 0:02,Collect Litter - Remove Dead Animal from Road Reserve,-34.835638,150.607889,EAST CR,495,Culburra Beach,Central Area
30/08/2021 0:02,Collect Litter - Remove Dead Animal from Road Reserve,-34.835638,150.607889,EAST CR,495,Culburra Beach,Central Area
30/08/2021 0:06,Collect Litter - Remove Dead Animal from Road Reserve,-34.906125,150.613736,OLD SOUTHERN RD,2012,South Nowra,Central Area
30/08/2021 0:06,Collect Litter - Remove Dead Animal from Road Reserve,-34.906125,150.613736,OLD SOUTHERN RD,2012,South Nowra,Central Area
30/08/2021 0:07,Collect Litter - Remove Dead Animal from Road Reserve,-34.907,150.613582,OLD SOUTHERN RD,2012,South Nowra,Central Area
30/08/2021 0:07,Collect Litter - Remove Dead Animal from Road Reserve,-34.907,150.613582,OLD SOUTHERN RD,2012,South Nowra,Central Area
30/08/2021 0:08,Collect Litter - Remove Dead Animal from Road Reserve,-34.906102,150.613724,OLD SOUTHERN RD,2012,South Nowra,Central Area
30/08/2021 0:08,Collect Litter - Remove Dead Animal from Road Reserve,-34.906102,150.613724,OLD SOUTHERN RD,2012,South Nowra,Central Area
30/08/2021 0:09,Collect Litter - Remove Dead Animal from Road Reserve,-34.906124,150.61377,OLD SOUTHERN RD,2012,South Nowra,Central Area
30/08/2021 0:09,Collect Litter - Remove Dead Animal from Road Reserve,-34.906124,150.61377,OLD SOUTHERN RD,2012,South Nowra,Central Area
30/08/2021 0:10,Collect Litter - Remove Dead Animal from Road Reserve,-34.903337,150.556203,CABBAGE TREE LANE,262,Nowra Hill,Central Area
30/08/2021 0:10,Collect Litter - Remove Dead Animal from Road Reserve,-34.903337,150.556203,CABBAGE TREE LANE,262,Nowra Hill,Central Area
30/08/2021 0:11,Collect Litter - Remove Dead Animal from Road Reserve,-34.919421,150.557302,CABBAGE TREE LANE,262,Nowra Hill,Central Area
30/08/2021 0:11,Collect Litter - Remove Dead Animal from Road Reserve,-34.919421,150.557302,CABBAGE TREE LANE,262,Nowra Hill,Central Area
30/08/2021 0:12,Collect Litter - Remove Dead Animal from Road Reserve,-34.90317,150.55629,CABBAGE TREE LANE,262,Nowra Hill,Central Area
30/08/2021 0:12,Collect Litter - Remove Dead Animal from Road Reserve,-34.90317,150.55629,CABBAGE TREE LANE,262,Nowra Hill,Central Area
31/08/2021 0:00,Collect Litter - Remove Dead Animal from Road Reserve,-34.890337,150.623954,LILAC CL,1824,Worrigee,Central Area
31/08/2021 0:00,Collect Litter - Remove Dead Animal from Road Reserve,-34.875249,150.607179,JUNCTION ST,1846,Nowra,Central Area
31/08/2021 0:00,Collect Litter - Remove Dead Animal from Road Reserve,,,EGANS LANE,1953,Nowra,Central Area
31/08/2021 0:00,Collect Litter - Remove Dead Animal from Road Reserve,-34.947986,150.621703,FOREST RD,597 & 598,Wollumboola,Central Area
31/08/2021 0:00,Collect Litter - Remove Dead Animal from Road Reserve,-34.947986,150.621703,FOREST RD,597 & 598,Wollumboola,Central Area
6/09/2021 0:00,Collect Litter - Remove Dead Animal from Road Reserve,-34.905324,150.760316,CROOKHAVEN BOAT RAMP,1972,Culburra Beach,Central Area
7/09/2021 0:00,Collect Litter - Remove Dead Animal from Road Reserve,-34.858089,150.735347,RIVER RD (SHOALHAVEN HEADS),1297,Shoalhaven Heads,Northern Area
9/09/2021 0:00,Collect Litter - Remove Dead Animal from Road Reserve,,,EGANS LANE,1953,Nowra,Central Area
11/09/2021 0:00,Collect Litter - Remove Dead Animal from Road Reserve,-34.872939,150.601614,NORTH ST,"1095, 1844 & 1896",Nowra,Central Area
12/09/2021 0:00,Collect Litter - Remove Dead Animal from Road Reserve,-34.847614,150.596676,BACK FOREST RD,82,Back Forest,Northern Area
12/09/2021 0:00,Collect Litter - Remove Dead Animal from Road Reserve,-34.856657,150.601578,BEINDA ST,135,Bomaderry,Northern Area
12/09/2021 0:00,Collect Litter - Remove Dead Animal from Road Reserve,-34.856657,150.601578,BEINDA ST,135,Bomaderry,Northern Area
12/09/2021 0:00,Collect Litter - Remove Dead Animal from Road Reserve,-34.872903,150.601672,BERRY ST (NOWRA),154,Nowra,Central Area
12/09/2021 0:00,Collect Litter - Remove Dead Animal from Road Reserve,-34.862266,150.560875,COORONG RD,393,North Nowra,Northern Area
12/09/2021 0:00,Collect Litter - Remove Dead Animal from Road Reserve,-34.862266,150.560875,COORONG RD,393,North Nowra,Northern Area
12/09/2021 0:00,Collect Litter - Remove Dead Animal from Road Reserve,-34.862278,150.560947,COORONG RD,393,North Nowra,Northern Area
12/09/2021 0:00,Collect Litter - Remove Dead Animal from Road Reserve,-34.862278,150.560947,COORONG RD,393,North Nowra,Northern Area
12/09/2021 0:00,Collect Litter - Remove Dead Animal from Road Reserve,-34.841275,150.560028,ILLAROO RD,757,Illaroo,Northern Area
12/09/2021 0:00,Collect Litter - Remove Dead Animal from Road Reserve,-34.841275,150.560028,ILLAROO RD,757,Illaroo,Northern Area
12/09/2021 0:00,Collect Litter - Remove Dead Animal from Road Reserve,-34.89174,150.626879,PEPPERMINT DR,1200,NowraWorrigee,Central Area
13/09/2021 0:00,Collect Litter - Remove Dead Animal from Road Reserve,,,EGANS LANE,1953,Nowra,Central Area
13/09/2021 0:00,Collect Litter - Remove Dead Animal from Road Reserve,-34.871184,150.596043,SHOALHAVEN ST,1376 & 1377,Nowra,Central Area
14/09/2021 0:00,Collect Litter - Remove Dead Animal from Road Reserve,-34.871079,150.607439,CAMPBELL PL,281,Nowra,Central Area
14/09/2021 0:00,Collect Litter - Remove Dead Animal from Road Reserve,-34.978311,150.714615,COONEMIA RD,390,Wollumboola,Central Area
14/09/2021 0:00,Collect Litter - Remove Dead Animal from Road Reserve,-35.015462,150.816494,WARRAIN CR,1640,Currarong,Central Area
14/09/2021 0:00,Collect Litter - Remove Dead Animal from Road Reserve,,,EGANS LANE,1953,Nowra,Central Area
14/09/2021 0:00,Collect Litter - Remove Dead Animal from Road Reserve,-34.907582,150.596928,FLINDERS RD,586 & 587,South Nowra,Central Area
15/09/2021 0:00,Collect Litter - Remove Dead Animal from Road Reserve,-34.914647,150.615947,OSPREY RD,2368,South Nowra,Central Area
16/09/2021 0:00,Collect Litter - Remove Dead Animal from Road Reserve,,,EGANS LANE,1953,Nowra,Central Area
17/09/2021 0:00,Collect Litter - Remove Dead Animal from Road Reserve,-34.875982,150.602762,KINGHORNE ST,851,Nowra,Central Area
17/09/2021 0:00,Collect Litter - Remove Dead Animal from Road Reserve,-34.906675,150.613512,OLD SOUTHERN RD,2012,South Nowra,Central Area
17/09/2021 0:00,Collect Litter - Remove Dead Animal from Road Reserve,-34.906675,150.613512,OLD SOUTHERN RD,2012,South Nowra,Central Area
20/09/2021 0:00,Collect Litter - Remove Dead Animal from Road Reserve,-34.903878,150.62964,ISA RD,1825,South Nowra,Central Area
20/09/2021 0:00,Collect Litter - Remove Dead Animal from Road Reserve,-34.903837,150.629642,ISA RD,1825,South Nowra,Central Area
20/09/2021 0:00,Collect Litter - Remove Dead Animal from Road Reserve,-34.872873,150.601715,NORTH ST,"1095, 1844 & 1896",Nowra,Central Area
21/09/2021 0:00,Collect Litter - Remove Dead Animal from Road Reserve,-35.101574,150.676544,BOODEREE AV,189,Hyams Beach,Basin Area
21/09/2021 0:00,Collect Litter - Remove Dead Animal from Road Reserve,-35.03721,150.630725,HUSKISSON RD,748,Huskisson,Basin Area
21/09/2021 0:00,Collect Litter - Remove Dead Animal from Road Reserve,-34.893894,150.544408,YALWAL RD - Sealed,1753,Mundamia,Central Area
21/09/2021 0:00,Collect Litter - Remove Dead Animal from Road Reserve,-34.872993,150.601656,NORTH ST,"1095, 1844 & 1896",Nowra,Central Area
21/09/2021 0:00,Collect Litter - Remove Dead Animal from Road Reserve,-34.905799,150.630984,WORRIGEE RD,1742 &1743,Currarong,Central Area
22/09/2021 0:00,Collect Litter - Remove Dead Animal from Road Reserve,-34.929042,150.762862,NORTH ST (NOWRA),1844,Nowra,Central Area
23/09/2021 0:00,Collect Litter - Remove Dead Animal from Road Reserve,-34.878125,150.605305,MORTON PDE,1037,Nowra,Central Area
23/09/2021 0:00,Collect Litter - Remove Dead Animal from Road Reserve,-34.9099,150.616794,QUINNS LANE,1262,South Nowra,Central Area
23/09/2021 0:00,Collect Litter - Remove Dead Animal from Road Reserve,-34.872896,150.601689,NORTH ST,"1095, 1844 & 1896",Nowra,Central Area
24/09/2021 0:00,Collect Litter - Remove Dead Animal from Road Reserve,-34.871008,150.605978,CAMPBELL PL,281,Nowra,Central Area
24/09/2021 0:00,Collect Litter - Remove Dead Animal from Road Reserve,-34.873447,150.591005,GRAHAM ST (NOWRA),660,Nowra,Central Area
24/09/2021 0:00,Collect Litter - Remove Dead Animal from Road Reserve,-35.092424,150.597382,ISLAND POINT RD,771,St Georges Basin,Basin Area
24/09/2021 0:00,Collect Litter - Remove Dead Animal from Road Reserve,-34.875632,150.589967,EAST ST,1955,Nowra,Central Area
24/09/2021 0:00,Collect Litter - Remove Dead Animal from Road Reserve,-34.883991,150.603409,EAST ST,1955,Nowra,Central Area
24/09/2021 0:00,Collect Litter - Remove Dead Animal from Road Reserve,-34.883991,150.603409,EAST ST,1955,Nowra,Central Area
24/09/2021 0:00,Collect Litter - Remove Dead Animal from Road Reserve,-35.1146,150.629094,LARMER AV,2007,Sanctuary Point,Basin Area
28/09/2021 0:00,Collect Litter - Remove Dead Animal from Road Reserve,-34.885722,150.610129,ST ANNS ST,1836,Nowra,Central Area
28/09/2021 0:00,Collect Litter - Remove Dead Animal from Road Reserve,-34.894398,150.63394,WORRIGEE RD,1742 &1743,Currarong,Central Area
28/09/2021 0:00,Collect Litter - Remove Dead Animal from Road Reserve,-34.894398,150.63394,WORRIGEE RD,1742 &1743,Currarong,Central Area
28/09/2021 0:00,Collect Litter - Remove Dead Animal from Road Reserve,-34.894845,150.633999,WORRIGEE RD,1742 &1743,Currarong,Central Area
28/09/2021 0:00,Collect Litter - Remove Dead Animal from Road Reserve,-34.894865,150.63403,WORRIGEE RD,1742 &1743,Currarong,Central Area
29/09/2021 0:00,Collect Litter - Remove Dead Animal from Road Reserve,-34.939009,150.775573,EASTBOURNE AV,497,Culburra Beach,Central Area
29/09/2021 0:00,Collect Litter - Remove Dead Animal from Road Reserve,-34.873948,150.60175,EGANS LANE,1953,Nowra,Central Area
30/09/2021 0:00,Collect Litter - Remove Dead Animal from Road Reserve,-34.91531,150.543954,STRINGYBARK RD,1426,Nowra Hill,Central Area
30/09/2021 0:00,Collect Litter - Remove Dead Animal from Road Reserve,-34.91531,150.543954,STRINGYBARK RD,1426,Nowra Hill,Central Area
30/09/2021 0:00,Collect Litter - Remove Dead Animal from Road Reserve,-34.893344,150.534918,YALWAL RD - Sealed,1753,Mundamia,Central Area
30/09/2021 0:00,Collect Litter - Remove Dead Animal from Road Reserve,-34.872852,150.601781,NORTH ST,"1095, 1844 & 1896",Nowra,Central Area
30/09/2021 0:01,Collect Litter - Remove Dead Animal from Road Reserve,-34.9155,150.544832,STRINGYBARK RD,1426,Nowra Hill,Central Area
30/09/2021 0:01,Collect Litter - Remove Dead Animal from Road Reserve,-34.9155,150.544832,STRINGYBARK RD,1426,Nowra Hill,Central Area
6/10/2021 0:00,Collect Litter - Remove Dead Animal from Road Reserve,-35.157431,150.593392,JACOBS DR,778,Sussex Inlet,Southern Area
6/10/2021 0:00,Collect Litter - Remove Dead Animal from Road Reserve,-35.241956,150.427471,MYRTLE GULLY RD,1125,Yatte Yattah,Southern Area
6/10/2021 0:00,Collect Litter - Remove Dead Animal from Road Reserve,-35.523734,150.389623,VOYAGER CR,1613,Bawley Point,Southern Area
6/10/2021 0:00,Collect Litter - Remove Dead Animal from Road Reserve,-34.906948,150.618507,BASIL ST,2113,South Nowra,Central Area
6/10/2021 0:00,Collect Litter - Remove Dead Animal from Road Reserve,-34.906948,150.618507,BASIL ST,2113,South Nowra,Central Area
7/10/2021 0:00,Collect Litter - Remove Dead Animal from Road Reserve,-34.906937,150.618383,BASIL ST,2113,South Nowra,Central Area
7/10/2021 0:00,Collect Litter - Remove Dead Animal from Road Reserve,-34.906937,150.618383,BASIL ST,2113,South Nowra,Central Area
9/10/2021 0:00,Collect Litter - Remove Dead Animal from Road Reserve,-34.918888,150.557429,CABBAGE TREE LANE,262,Nowra Hill,Central Area
9/10/2021 0:00,Collect Litter - Remove Dead Animal from Road Reserve,-34.918888,150.557429,CABBAGE TREE LANE,262,Nowra Hill,Central Area
11/10/2021 0:00,Collect Litter - Remove Dead Animal from Road Reserve,-34.845223,150.613225,COOMEA ST,388,Bomaderry,Northern Area
11/10/2021 0:00,Collect Litter - Remove Dead Animal from Road Reserve,-34.909917,150.617605,QUINNS LANE,1262,South Nowra,Central Area
11/10/2021 0:00,Collect Litter - Remove Dead Animal from Road Reserve,-34.874444,150.601418,JUNCTION ST,1846,Nowra,Central Area
11/10/2021 0:00,Collect Litter - Remove Dead Animal from Road Reserve,-35.016833,150.672144,CATHERINE ST,1995,Myola,Central Area
12/10/2021 0:00,Collect Litter - Remove Dead Animal from Road Reserve,-34.872943,150.601687,BERRY ST (NOWRA),154,Nowra,Central Area
12/10/2021 0:00,Collect Litter - Remove Dead Animal from Road Reserve,-34.907947,150.724568,GREENWELL POINT RD,680,Worrigee,Central Area
13/10/2021 0:00,Collect Litter - Remove Dead Animal from Road Reserve,-34.873044,150.601874,NORTH ST,"1095, 1844 & 1896",Nowra,Central Area
13/10/2021 0:00,Collect Litter - Remove Dead Animal from Road Reserve,-35.04935,150.675967,BEACH ST,"125, 126 & 2181",Huskisson,Basin Area
14/10/2021 0:00,Collect Litter - Remove Dead Animal from Road Reserve,-34.926005,150.551916,CABBAGE TREE LANE,262,Nowra Hill,Central Area
14/10/2021 0:00,Collect Litter - Remove Dead Animal from Road Reserve,-34.921339,150.556928,CABBAGE TREE LANE,262,Nowra Hill,Central Area
14/10/2021 0:00,Collect Litter - Remove Dead Animal from Road Reserve,-34.895835,150.616314,CLIPPER RD,351,Nowra,Central Area
14/10/2021 0:00,Collect Litter - Remove Dead Animal from Road Reserve,-34.917558,150.586314,THE LINKS RD,1506,South Nowra,Central Area
14/10/2021 0:00,Collect Litter - Remove Dead Animal from Road Reserve,-34.913522,150.596233,JUNCTION ST,1846,Nowra,Central Area
15/10/2021 0:00,Collect Litter - Remove Dead Animal from Road Reserve,-34.898057,150.587665,ALBATROSS RD,16,Nowra Hill,Central Area
15/10/2021 0:00,Collect Litter - Remove Dead Animal from Road Reserve,-34.872903,150.601644,NORTH ST,"1095, 1844 & 1896",Nowra,Central Area
15/10/2021 0:00,Collect Litter - Remove Dead Animal from Road Reserve,-34.906443,150.581917,FLINDERS RD,586 & 587,South Nowra,Northern Area
15/10/2021 0:00,Collect Litter - Remove Dead Animal from Road Reserve,-34.906443,150.581917,FLINDERS RD,586 & 587,South Nowra,Northern Area
15/10/2021 0:01,Collect Litter - Remove Dead Animal from Road Reserve,-35.01203,150.690879,KING GEORGE ST,847 & 848,Callala Beach,Central Area
15/10/2021 0:01,Collect Litter - Remove Dead Animal from Road Reserve,-35.01203,150.690879,KING GEORGE ST,847 & 848,Callala Beach,Central Area
18/10/2021 0:00,Collect Litter - Remove Dead Animal from Road Reserve,-35.107529,150.678654,NAVAL COLLEGE RD,1073,Worrowing Heights,Basin Area
18/10/2021 0:00,Collect Litter - Remove Dead Animal from Road Reserve,-35.113926,150.63938,SANCTUARY POINT RD,1340,Sanctuary Point,Basin Area
18/10/2021 0:00,Collect Litter - Remove Dead Animal from Road Reserve,-34.87289,150.601679,NORTH ST,"1095, 1844 & 1896",Nowra,Central Area
19/10/2021 0:00,Collect Litter - Remove Dead Animal from Road Reserve,-34.891468,150.586204,DEPOT RD,459,West Nowra,Central Area
19/10/2021 0:00,Collect Litter - Remove Dead Animal from Road Reserve,-34.891468,150.586204,DEPOT RD,459,West Nowra,Central Area
19/10/2021 0:00,Collect Litter - Remove Dead Animal from Road Reserve,-34.910936,150.592127,PROSPERITY RD,1247,South Nowra,Central Area
19/10/2021 0:00,Collect Litter - Remove Dead Animal from Road Reserve,-34.876887,150.60329,WORRIGEE ST,1744,Nowra,Central Area
19/10/2021 0:00,Collect Litter - Remove Dead Animal from Road Reserve,-34.872945,150.60157,NORTH ST,"1095, 1844 & 1896",Nowra,Central Area
19/10/2021 0:00,Collect Litter - Remove Dead Animal from Road Reserve,-34.915738,150.60296,NOWRA HILL RD,1997 & 1998,South Nowra,Central Area
19/10/2021 0:00,Collect Litter - Remove Dead Animal from Road Reserve,-34.915738,150.60296,NOWRA HILL RD,1997 & 1998,South Nowra,Central Area
19/10/2021 19:25,Collect Litter - Remove Dead Animal from Road Reserve,-34.83654426,150.5495415,ILLAROO RD,757,Illaroo,Northern Area
19/10/2021 19:29,Collect Litter - Remove Dead Animal from Road Reserve,-34.86146489,150.5674305,ROCK HILL RD,1308,North Nowra,Northern Area
20/10/2021 0:00,Collect Litter - Remove Dead Animal from Road Reserve,-34.833333,150.585411,BELLS LANE,139,Cambewarra,Northern Area
20/10/2021 0:00,Collect Litter - Remove Dead Animal from Road Reserve,-34.931422,150.755098,CULBURRA RD,426,Wollumboola,Central Area
20/10/2021 0:00,Collect Litter - Remove Dead Animal from Road Reserve,-34.876276,150.601674,MAYFIELD RD,988,PyreeBrundee,Central Area
20/10/2021 0:00,Collect Litter - Remove Dead Animal from Road Reserve,-34.874432,150.601442,JUNCTION ST,1846,Nowra,Central Area
21/10/2021 0:00,Collect Litter - Remove Dead Animal from Road Reserve,-34.872977,150.601611,NORTH ST,"1095, 1844 & 1896",Nowra,Central Area
25/10/2021 0:00,Collect Litter - Remove Dead Animal from Road Reserve,-34.87302,150.601717,NORTH ST,"1095, 1844 & 1896",Nowra,Central Area
26/10/2021 0:00,Collect Litter - Remove Dead Animal from Road Reserve,-34.872923,150.601648,NORTH ST,"1095, 1844 & 1896",Nowra,Central Area
27/10/2021 0:00,Collect Litter - Remove Dead Animal from Road Reserve,-34.873084,150.602032,ORAMA CR,2111,Orient Point,Central Area
27/10/2021 0:00,Collect Litter - Remove Dead Animal from Road Reserve,-34.872966,150.601575,NORTH ST,"1095, 1844 & 1896",Nowra,Central Area
28/10/2021 0:00,Collect Litter - Remove Dead Animal from Road Reserve,-35.00354,150.723524,BOORAWINE TCE,195,Callala Bay,Central Area
28/10/2021 0:00,Collect Litter - Remove Dead Animal from Road Reserve,-34.872945,150.601657,NORTH ST,"1095, 1844 & 1896",Nowra,Central Area
29/10/2021 0:00,Collect Litter - Remove Dead Animal from Road Reserve,-34.87294,150.6016,NORTH ST,"1095, 1844 & 1896",Nowra,Central Area
31/10/2021 0:00,Collect Litter - Remove Dead Animal from Road Reserve,-35.094207,150.612455,SANCTUARY POINT RD,1340,Sanctuary Point,Basin Area
31/10/2021 0:00,Collect Litter - Remove Dead Animal from Road Reserve,-35.094165,150.61258,WARATAH CR,1633,Sanctuary Point,Basin Area
2/11/2021 0:00,Collect Litter - Remove Dead Animal from Road Reserve,-34.927355,150.767398,MOWBRAY RD (CULBURRA BEACH),,Culburra Beach,Central Area
5/11/2021 0:00,Collect Litter - Remove Dead Animal from Road Reserve,-35.079525,150.654838,THE WOOL RD,,Vincentia,Basin Area
6/11/2021 0:00,Collect Litter - Remove Dead Animal from Road Reserve,-35.523737,150.393106,MURRAMARANG RD,1056,Kioloa,Southern Area
8/11/2021 0:00,Collect Litter - Remove Dead Animal from Road Reserve,-35.000104,150.724093,BAY ST (CALLALA BAY),117,Callala Bay,Central Area
8/11/2021 0:00,Collect Litter - Remove Dead Animal from Road Reserve,-35.01177,150.826536,BEECROFT PDE,133,Currarong,Central Area
8/11/2021 0:00,Collect Litter - Remove Dead Animal from Road Reserve,-35.009556,150.699454,CALLALA BEACH RD,272,Callala Beach,Central Area
8/11/2021 0:00,Collect Litter - Remove Dead Animal from Road Reserve,-35.014706,150.822852,PISCATOR AV,1217,Currarong,Central Area
8/11/2021 0:00,Collect Litter - Remove Dead Animal from Road Reserve,-34.92639,150.76201,PRINCE EDWARD AV,1239,Culburra Beach,Central Area
8/11/2021 0:00,Collect Litter - Remove Dead Animal from Road Reserve,-35.012466,150.693494,QUAY RD,1254,Callala Beach,Central Area
8/11/2021 0:00,Collect Litter - Remove Dead Animal from Road Reserve,,,MYOLA BOAT RAMP,3198,Myola,Central Area
10/11/2021 0:00,Collect Litter - Remove Dead Animal from Road Reserve,-34.865272,150.604335,RIVERVIEW RD,1301,Nowra,Central Area
10/11/2021 0:00,Collect Litter - Remove Dead Animal from Road Reserve,-34.872889,150.601685,NORTH ST,"1095, 1844 & 1896",Nowra,Central Area
11/11/2021 0:00,Collect Litter - Remove Dead Animal from Road Reserve,-34.85280561,150.5812451,CHATSWORTH CR,328,North Nowra,Northern Area
11/11/2021 0:00,Collect Litter - Remove Dead Animal from Road Reserve,-34.85280561,150.5812451,CHATSWORTH CR,328,North Nowra,Northern Area
11/11/2021 0:00,Collect Litter - Remove Dead Animal from Road Reserve,-34.931127,150.748968,CULBURRA RD,426,Wollumboola,Central Area
11/11/2021 0:00,Collect Litter - Remove Dead Animal from Road Reserve,-34.873013,150.601544,NORTH ST,"1095, 1844 & 1896",Nowra,Central Area
11/11/2021 0:00,Collect Litter - Remove Dead Animal from Road Reserve,-34.907698,150.59745,FLINDERS RD,586 & 587,South Nowra,Central Area
11/11/2021 0:00,Collect Litter - Remove Dead Animal from Road Reserve,-34.907698,150.59745,FLINDERS RD,586 & 587,South Nowra,Central Area
15/11/2021 0:00,Collect Litter - Remove Dead Animal from Road Reserve,-34.913443,150.761507,ORIENT POINT RD,1136,Culburra Beach,Central Area
15/11/2021 0:00,Collect Litter - Remove Dead Animal from Road Reserve,-34.913443,150.761507,ORIENT POINT RD,1136,Culburra Beach,Central Area
15/11/2021 0:00,Collect Litter - Remove Dead Animal from Road Reserve,-34.908477,150.603303,QUINNS LANE,1262,South Nowra,Central Area
15/11/2021 0:00,Collect Litter - Remove Dead Animal from Road Reserve,-34.87296,150.601573,NORTH ST,"1095, 1844 & 1896",Nowra,Central Area
16/11/2021 0:00,Collect Litter - Remove Dead Animal from Road Reserve,-34.872932,150.601594,NORTH ST,"1095, 1844 & 1896",Nowra,Central Area
16/11/2021 0:00,Collect Litter - Remove Dead Animal from Road Reserve,-34.87269,150.60321,NORTH ST,"1095, 1844 & 1896",Nowra,Central Area
16/11/2021 0:00,Collect Litter - Remove Dead Animal from Road Reserve,-34.8709,150.602562,GRAHAM ST,659 & 660,Nowra,Central Area
17/11/2021 0:00,Collect Litter - Remove Dead Animal from Road Reserve,-34.866273,150.607343,LYREBIRD DR,939,Nowra,Central Area
17/11/2021 0:00,Collect Litter - Remove Dead Animal from Road Reserve,-34.915828,150.761697,PRINCE EDWARD AV,1239,Culburra Beach,Central Area
17/11/2021 0:00,Collect Litter - Remove Dead Animal from Road Reserve,-34.908939,150.694135,RYANS LANE,1326,PyreeNumbaa,Central Area
17/11/2021 0:00,Collect Litter - Remove Dead Animal from Road Reserve,-34.885128,150.612765,SHORLAND PL,1380,Nowra,Central Area
17/11/2021 0:00,Collect Litter - Remove Dead Animal from Road Reserve,-34.90973,150.544997,STRINGYBARK RD,1426,Nowra Hill,Central Area
17/11/2021 0:00,Collect Litter - Remove Dead Animal from Road Reserve,-34.90973,150.544997,STRINGYBARK RD,1426,Nowra Hill,Central Area
17/11/2021 0:00,Collect Litter - Remove Dead Animal from Road Reserve,-34.893705,150.571138,YALWAL RD - Sealed,1753,Mundamia,Central Area
17/11/2021 0:00,Collect Litter - Remove Dead Animal from Road Reserve,-34.893774,150.572434,YALWAL RD - Sealed,1753,Mundamia,Central Area
17/11/2021 0:00,Collect Litter - Remove Dead Animal from Road Reserve,-34.873888,150.602267,EGANS LANE,1953,Nowra,Central Area
17/11/2021 0:00,Collect Litter - Remove Dead Animal from Road Reserve,-34.873103,150.601525,BERRY ST,153 to 155,Nowra,Central Area
21/11/2021 0:00,Collect Litter - Remove Dead Animal from Road Reserve,-34.835761,150.607751,SHORLAND PL,1380,Nowra,Central Area
22/11/2021 0:00,Collect Litter - Remove Dead Animal from Road Reserve,-34.872938,150.601678,NORTH ST,"1095, 1844 & 1896",Nowra,Central Area
23/11/2021 0:00,Collect Litter - Remove Dead Animal from Road Reserve,-34.873047,150.601529,BERRY ST,153 to 155,Nowra,Central Area
24/11/2021 0:00,Collect Litter - Remove Dead Animal from Road Reserve,-34.872935,150.601596,BERRY ST (NOWRA),154,Nowra,Central Area
24/11/2021 0:00,Collect Litter - Remove Dead Animal from Road Reserve,-34.732468,150.52464,MOSS VALE RD,1040,Kangaroo Valley,Northern Area
24/11/2021 0:00,Collect Litter - Remove Dead Animal from Road Reserve,-34.732468,150.52464,MOSS VALE RD,1040,Kangaroo Valley,Northern Area
25/11/2021 0:00,Collect Litter - Remove Dead Animal from Road Reserve,-34.872938,150.601638,BERRY ST (NOWRA),154,Nowra,Central Area
26/11/2021 0:00,Collect Litter - Remove Dead Animal from Road Reserve,-34.809042,150.710413,COOLANGATTA RD,384,Coolangatta,Northern Area
28/11/2021 0:00,Collect Litter - Remove Dead Animal from Road Reserve,-35.094215,150.612549,THE WOOL RD,1525,Vincentia,Basin Area
29/11/2021 0:00,Collect Litter - Remove Dead Animal from Road Reserve,-35.091259,150.612534,ANSON ST,49,St Georges Basin,Basin Area
29/11/2021 0:00,Collect Litter - Remove Dead Animal from Road Reserve,-34.875195,150.600482,BERRY ST,153 to 155,Nowra,Central Area
30/11/2021 0:00,Collect Litter - Remove Dead Animal from Road Reserve,-35.015635,150.475144,BRAIDWOOD RD - Central,92,Yerriyong,Central Area
30/11/2021 0:00,Collect Litter - Remove Dead Animal from Road Reserve,-34.87319,150.601595,BERRY ST (NOWRA),154,Nowra,Central Area
30/11/2021 0:00,Collect Litter - Remove Dead Animal from Road Reserve,-34.913633,150.586513,CUMBERLAND AV,428,South Nowra,Central Area
30/11/2021 0:00,Collect Litter - Remove Dead Animal from Road Reserve,-34.913633,150.586513,CUMBERLAND AV,428,South Nowra,Central Area
30/11/2021 0:00,Collect Litter - Remove Dead Animal from Road Reserve,-34.898615,150.605811,HILLCREST AV,718,South Nowra,Central Area
30/11/2021 0:00,Collect Litter - Remove Dead Animal from Road Reserve,-34.897519,150.613061,HOLLOWAY RD,729,NowraSouth Nowra,Central Area
30/11/2021 0:00,Collect Litter - Remove Dead Animal from Road Reserve,-34.897519,150.613061,HOLLOWAY RD,729,NowraSouth Nowra,Central Area
30/11/2021 0:01,Collect Litter - Remove Dead Animal from Road Reserve,-34.894029,150.602257,KINGHORNE ST,851,Nowra,Central Area
30/11/2021 0:01,Collect Litter - Remove Dead Animal from Road Reserve,-34.894029,150.602257,KINGHORNE ST,851,Nowra,Central Area
30/11/2021 0:02,Collect Litter - Remove Dead Animal from Road Reserve,-34.914816,150.553897,PEMBERLY DR,1193,Nowra Hill,Central Area
30/11/2021 0:02,Collect Litter - Remove Dead Animal from Road Reserve,-34.914816,150.553897,PEMBERLY DR,1193,Nowra Hill,Central Area
30/11/2021 0:03,Collect Litter - Remove Dead Animal from Road Reserve,-34.909782,150.544884,STRINGYBARK RD,1426,Nowra Hill,Central Area
30/11/2021 0:03,Collect Litter - Remove Dead Animal from Road Reserve,-34.909782,150.544884,STRINGYBARK RD,1426,Nowra Hill,Central Area
11/12/2021 0:00,Collect Litter - Remove Dead Animal from Road Reserve,-34.85121484,150.7453422,WOOLSTENCRAFT ST,1738,Shoalhaven Heads,Northern Area
13/12/2021 0:00,Collect Litter - Remove Dead Animal from Road Reserve,-34.873142,150.601635,BERRY ST (NOWRA),154,Nowra,Central Area
13/12/2021 0:00,Collect Litter - Remove Dead Animal from Road Reserve,-34.887828,150.470909,BURRIER RD,256,Burrier,Central Area
13/12/2021 0:00,Collect Litter - Remove Dead Animal from Road Reserve,-34.875997,150.604707,JANE ST,781,Nowra,Central Area
13/12/2021 0:00,Collect Litter - Remove Dead Animal from Road Reserve,-34.873583,150.600666,BERRY ST,153 to 155,Nowra,Central Area
13/12/2021 0:00,Collect Litter - Remove Dead Animal from Road Reserve,-34.873119,150.601647,,,Nowra,Central Area
14/12/2021 0:00,Collect Litter - Remove Dead Animal from Road Reserve,-34.871097,150.60248,GRAHAM ST (NOWRA),660,Nowra,Central Area
14/12/2021 0:00,Collect Litter - Remove Dead Animal from Road Reserve,-34.873237,150.60147,JUNCTION ST,1846,Nowra,Central Area
14/12/2021 0:00,Collect Litter - Remove Dead Animal from Road Reserve,-34.860009,150.731652,HAY AV,1964,Shoalhaven Heads,Northern Area
15/12/2021 0:00,Collect Litter - Remove Dead Animal from Road Reserve,-34.909908,150.670948,MAYFIELD RD,988,PyreeBrundee,Central Area
15/12/2021 0:00,Collect Litter - Remove Dead Animal from Road Reserve,-34.873888,150.597477,JUNCTION ST,1846,Nowra,Central Area
16/12/2021 0:00,Collect Litter - Remove Dead Animal from Road Reserve,-34.873132,150.60173,BERRY ST (NOWRA),154,Nowra,Central Area
20/12/2021 0:00,Collect Litter - Remove Dead Animal from Road Reserve,-34.934062,150.77957,FARRANT AV,555,Culburra Beach,Central Area
20/12/2021 0:00,Collect Litter - Remove Dead Animal from Road Reserve,-34.871067,150.602313,GRAHAM ST (NOWRA),660,Nowra,Central Area
22/12/2021 0:00,Collect Litter - Remove Dead Animal from Road Reserve,-34.874749,150.459713,BURRIER RD,256,Burrier,Central Area
23/12/2021 0:00,Collect Litter - Remove Dead Animal from Road Reserve,-34.898324,150.557176,CABBAGE TREE LANE,262,Nowra Hill,Central Area
23/12/2021 0:00,Collect Litter - Remove Dead Animal from Road Reserve,-34.898324,150.557176,CABBAGE TREE LANE,262,Nowra Hill,Central Area
23/12/2021 0:00,Collect Litter - Remove Dead Animal from Road Reserve,-34.914679,150.553931,PEMBERLY DR,1193,Nowra Hill,Central Area
23/12/2021 0:00,Collect Litter - Remove Dead Animal from Road Reserve,-34.914679,150.553931,PEMBERLY DR,1193,Nowra Hill,Central Area
23/12/2021 0:00,Collect Litter - Remove Dead Animal from Road Reserve,-34.876954,150.590461,PLUNKETT ST,1840,Nowra,Central Area
23/12/2021 0:00,Collect Litter - Remove Dead Animal from Road Reserve,-34.876806,150.590496,PLUNKETT ST,1840,Nowra,Central Area
24/12/2021 0:00,Collect Litter - Remove Dead Animal from Road Reserve,-34.903118,150.76674,PRINCE EDWARD AV,1239,Culburra Beach,Central Area
25/12/2021 0:00,Collect Litter - Remove Dead Animal from Road Reserve,-35.094187,150.612543,THE WOOL RD,1525,Vincentia,Basin Area
13/01/2022 0:00,Collect Litter - Remove Dead Animal from Road Reserve,-34.872937,150.601581,BERRY ST (NOWRA),154,Nowra,Central Area
13/01/2022 0:00,Collect Litter - Remove Dead Animal from Road Reserve,-34.982907,150.702942,CALLALA BEACH RD,272,Callala Beach,Central Area
13/01/2022 0:00,Collect Litter - Remove Dead Animal from Road Reserve,-35.006434,150.700778,WATTS RD,1661,Callala Beach,Central Area
1/04/2022 0:00,Collect Litter - Remove Dead Animal from Road Reserve,-34.873105,150.601659,JUNCTION ST,1846,Nowra,Central Area
1/05/2022 0:00,Collect Litter - Remove Dead Animal from Road Reserve,-34.872998,150.601562,BERRY ST (NOWRA),154,Nowra,Central Area
1/05/2022 0:00,Collect Litter - Remove Dead Animal from Road Reserve,-34.87865,150.603491,HAIGH AV,688,Nowra,Central Area
1/05/2022 0:00,Collect Litter - Remove Dead Animal from Road Reserve,-34.876052,150.604649,JANE ST,781,Nowra,Central Area
1/06/2022 0:00,Collect Litter - Remove Dead Animal from Road Reserve,-34.873266,150.601959,BERRY ST (NOWRA),154,Nowra,Central Area
1/06/2022 0:00,Collect Litter - Remove Dead Animal from Road Reserve,-34.913373,150.595825,CENTRAL AV,318,South Nowra,Central Area
1/06/2022 0:00,Collect Litter - Remove Dead Animal from Road Reserve,-34.931152,150.748884,CULBURRA RD,426,Wollumboola,Central Area
1/06/2022 0:00,Collect Litter - Remove Dead Animal from Road Reserve,-34.870469,150.602463,GRAHAM ST (NOWRA),660,Nowra,Central Area
1/07/2022 0:00,Collect Litter - Remove Dead Animal from Road Reserve,-34.87297,150.601574,BERRY ST (NOWRA),154,Nowra,Central Area
1/07/2022 0:00,Collect Litter - Remove Dead Animal from Road Reserve,-34.915857,150.63636,BOSTON RD,1815,Worrigee,Central Area
1/07/2022 0:00,Collect Litter - Remove Dead Animal from Road Reserve,-34.915857,150.63636,BOSTON RD,1815,Worrigee,Central Area
1/10/2022 0:00,Collect Litter - Remove Dead Animal from Road Reserve,-34.872898,150.601575,BERRY ST (NOWRA),154,Nowra,Central Area
1/11/2022 0:00,Collect Litter - Remove Dead Animal from Road Reserve,-34.872937,150.601566,BERRY ST (NOWRA),154,Nowra,Central Area
1/11/2022 0:00,Collect Litter - Remove Dead Animal from Road Reserve,-35.009767,150.699412,CALLALA BEACH RD,272,Callala Beach,Central Area
1/11/2022 0:00,Collect Litter - Remove Dead Animal from Road Reserve,-34.89119,150.599585,PURDIE CR,1250,Nowra,Central Area
1/12/2022 0:00,Collect Litter - Remove Dead Animal from Road Reserve,-34.872975,150.601717,BERRY ST (NOWRA),154,Nowra,Central Area
